{"cameraMode":{"drawMode":0,"name":"Shaded","section":"Shading Mode"},"sceneLighting":true,"audioPlay":false,"sceneViewState":{"m_AlwaysRefresh":false,"showFog":true,"showSkybox":true,"showFlares":true,"showImageEffects":true,"showParticleSystems":true,"showVisualEffectGraphs":true,"m_FxEnabled":true},"in2DMode":false,"pivot":{"x":2.767984628677368,"y":17.598634719848634,"z":-12.464703559875489},"rotation":{"x":0.2811112403869629,"y":-0.017853213474154474,"z":0.005219513084739447,"w":0.9595019817352295},"size":5.851147651672363,"orthographic":false}