{"cameraMode":{"drawMode":0,"name":"Shaded","section":"Shading Mode"},"sceneLighting":true,"audioPlay":false,"sceneViewState":{"m_AlwaysRefresh":false,"showFog":true,"showSkybox":true,"showFlares":true,"showImageEffects":true,"showParticleSystems":true,"showVisualEffectGraphs":true,"m_FxEnabled":true},"in2DMode":false,"pivot":{"x":-2.565546989440918,"y":9.697860717773438,"z":-4.890347957611084},"rotation":{"x":0.37570613622665408,"y":-0.03807487711310387,"z":0.015450514853000641,"w":0.9258307218551636},"size":14.269208908081055,"orthographic":false}